Workbook
Name Slicer_bedrooms: #N/A

Sheet Dashboard_Calculations
A3: Row Labels | B3: Count of society | C3: Sum of Revenue_Earned | E3: Row Labels | F3: Sum of Revenue_Earned | H3: Row Labels | I3: Count of society
A4: Bengaluru | B4: 36 | C4: 2440270 | E4: Sneha Reddy | F4: 5537810 | H4: Available | I4: 72
A5: Chennai | B5: 37 | C5: 3220240 | E5: Amit Sharma | F5: 4398805 | H5: Pending | I5: 65
A6: Delhi | B6: 36 | C6: 4359900 | E6: Priya Patel | F6: 4325520 | H6: Sold | I6: 55
A7: Mumbai | B7: 36 | C7: 5797310 | E7: Vikas Gupta | F7: 3099480 | H7: Grand Total | I7: 192
A8: Pune | B8: 47 | C8: 3389670 | E8: Rahul Singh | F8: 1845775
A9: Grand Total | B9: 192 | C9: 19207390 | E9: Grand Total | F9: 19207390

Sheet Executive_Dashboard

Sheet indian_house_prices
A1: city | B1: locality | C1: bedrooms | D1: bathrooms | E1: sqft_living | F1: sqft_lot | G1: floors | H1: year_built | I1: year_renovated | J1: property_type | K1: parking | L1: facing | M1: lift | N1: furnishing | O1: nearby_schools | P1: nearby_hospitals | Q1: society | R1: balcony | S1: garden | T1: price | U1: status | V1: broker_id | W1: broker_name | X1: commission_tier | Y1: Commission_Rate | Z1: broker_payout | AA1: Total_Fees_Collected | AB1: Revenue_Earned
A2: Mumbai | B2: Andheri | C2: 3 | D2: 2 | E2: 2128 | F2: 3321 | G2: 3 | H2: 1963 | I2: 1973 | J2: Independent House | K2: 0 | L2: North | M2: Yes | N2: Furnished | O2: 3 | P2: 4 | Q2: Andheri Heights | R2: 1 | S2: No | T2: 25921000 | U2: Sold | V2: BRK-02 | W2: Priya Patel | X2: =VLOOKUP(V2,Broker_Directory!A:C,3,FALSE) -> Tier B | Y2: =HLOOKUP(X2, Commission_Rates!A$1:C$2, 2, FALSE) -> 0.015 | Z2: =IF(U2="Sold",T2*Y2,0) -> 388815 | AA2: =IF(U2="Sold", T2 * 0.03, 0) -> 777630 | AB2: =AA2 - Z2 -> 388815
A3: Delhi | B3: Vasant Kunj | C3: 5 | D3: 3 | E3: 353 | F3: 3018 | G3: 3 | H3: 2004 | I3: 2013 | J3: Villa | K3: 1 | L3: South | M3: No | N3: Furnished | O3: 1 | P3: 3 | Q3: Vasant Kunj Heights | R3: 2 | S3: No | T3: 4035000 | U3: Sold | V3: BRK-02 | W3: Priya Patel | X3: =VLOOKUP(V3,Broker_Directory!A:C,3,FALSE) -> Tier B | Y3: =HLOOKUP(X3, Commission_Rates!A$1:C$2, 2, FALSE) -> 0.015 | Z3: =IF(U3="Sold",T3*Y3,0) -> 60525 | AA3: =IF(U3="Sold", T3 * 0.03, 0) -> 121050 | AB3: =AA3 - Z3 -> 60525
A4: Pune | B4: Viman Nagar | C4: 1 | D4: 4 | E4: 4692 | F4: 5764 | G4: 2 | H4: 1960 | I4: 1996 | J4: Villa | K4: 1 | L4: North | M4: Yes | N4: Unfurnished | O4: 3 | P4: 2 | Q4: Viman Nagar Heights | R4: 1 | S4: Yes | T4: 40182000 | U4: Available | V4: BRK-03 | W4: Rahul Singh | X4: =VLOOKUP(V4,Broker_Directory!A:C,3,FALSE) -> Tier A | Y4: =HLOOKUP(X4, Commission_Rates!A$1:C$2, 2, FALSE) -> 0.02 | Z4: =IF(U4="Sold",T4*Y4,0) -> 0 | AA4: =IF(U4="Sold", T4 * 0.03, 0) -> 0 | AB4: =AA4 - Z4 -> 0
A5: Chennai | B5: Adyar | C5: 4 | D5: 3 | E5: 1632 | F5: 7747 | G5: 2 | H5: 1976 | I5: 2017 | J5: Villa | K5: 0 | L5: South | M5: Yes | N5: Furnished | O5: 7 | P5: 3 | Q5: Adyar Enclave | R5: 1 | S5: No | T5: 13501000 | U5: Available | V5: BRK-01 | W5: Amit Sharma | X5: =VLOOKUP(V5,Broker_Directory!A:C,3,FALSE) -> Tier A | Y5: =HLOOKUP(X5, Commission_Rates!A$1:C$2, 2, FALSE) -> 0.02 | Z5: =IF(U5="Sold",T5*Y5,0) -> 0 | AA5: =IF(U5="Sold", T5 * 0.03, 0) -> 0 | AB5: =AA5 - Z5 -> 0
A6: Mumbai | B6: Bandra | C6: 1 | D6: 3 | E6: 3586 | F6: 5829 | G6: 1 | H6: 1977 | I6: 2012 | J6: Villa | K6: 1 | L6: West | M6: No | N6: Unfurnished | O6: 7 | P6: 1 | Q6: Bandra Enclave | R6: 1 | S6: Yes | T6: 43257000 | U6: Available | V6: BRK-04 | W6: Sneha Reddy | X6: =VLOOKUP(V6,Broker_Directory!A:C,3,FALSE) -> Tier C | Y6: =HLOOKUP(X6, Commission_Rates!A$1:C$2, 2, FALSE) -> 0.01 | Z6: =IF(U6="Sold",T6*Y6,0) -> 0 | AA6: =IF(U6="Sold", T6 * 0.03, 0) -> 0 | AB6: =AA6 - Z6 -> 0
A7: Pune | B7: Aundh | C7: 3 | D7: 4 | E7: 3571 | F7: 6586 | G7: 1 | H7: 1967 | I7: 1998 | J7: Independent House | K7: 0 | L7: North | M7: Yes | N7: Furnished | O7: 10 | P7: 1 | Q7: Aundh Villa | R7: 0 | S7: No | T7: 30743500 | U7: Available | V7: BRK-03 | W7: Rahul Singh | X7: =VLOOKUP(V7,Broker_Directory!A:C,3,FALSE) -> Tier A | Y7: =HLOOKUP(X7, Commission_Rates!A$1:C$2, 2, FALSE) -> 0.02 | Z7: =IF(U7="Sold",T7*Y7,0) -> 0 | AA7: =IF(U7="Sold", T7 * 0.03, 0) -> 0 | AB7: =AA7 - Z7 -> 0
A8: Chennai | B8: Perambur | C8: 4 | D8: 3 | E8: 4832 | F8: 4976 | G8: 3 | H8: 1964 | I8: 2006 | J8: Villa | K8: 2 | L8: North | M8: No | N8: Semi-Furnished | O8: 2 | P8: 3 | Q8: Perambur Heights | R8: 2 | S8: Yes | T8: 39086000 | U8: Sold | V8: BRK-03 | W8: Rahul Singh | X8: =VLOOKUP(V8,Broker_Directory!A:C,3,FALSE) -> Tier A | Y8: =HLOOKUP(X8, Commission_Rates!A$1:C$2, 2, FALSE) -> 0.02 | Z8: =IF(U8="Sold",T8*Y8,0) -> 781720 | AA8: =IF(U8="Sold", T8 * 0.03, 0) -> 1172580 | AB8: =AA8 - Z8 -> 390860
A9: Pune | B9: Kothrud | C9: 3 | D9: 2 | E9: 1552 | F9: 7728 | G9: 1 | H9: 2019 | I9: 0 | J9: Villa | K9: 3 | L9: North | M9: Yes | N9: Semi-Furnished | O9: 4 | P9: 1 | Q9: Kothrud Heights | R9: 1 | S9: Yes | T9: 13512000 | U9: Available | V9: BRK-05 | W9: Vikas Gupta | X9: =VLOOKUP(V9,Broker_Directory!A:C,3,FALSE) -> Tier B | Y9: =HLOOKUP(X9, Commission_Rates!A$1:C$2, 2, FALSE) -> 0.015 | Z9: =IF(U9="Sold",T9*Y9,0) -> 0 | AA9: =IF(U9="Sold", T9 * 0.03, 0) -> 0 | AB9: =AA9 - Z9 -> 0
A10: Mumbai | B10: Borivali | C10: 1 | D10: 2 | E10: 1351 | F10: 9188 | G10: 3 | H10: 1971 | I10: 1986 | J10: Independent House | K10: 1 | L10: South | M10: No | N10: Semi-Furnished | O10: 10 | P10: 5 | Q10: Borivali Enclave | R10: 3 | S10: No | T10: 16427000 | U10: Pending | V10: BRK-02 | W10: Priya Patel | X10: =VLOOKUP(V10,Broker_Directory!A:C,3,FALSE) -> Tier B | Y10: =HLOOKUP(X10, Commission_Rates!A$1:C$2, 2, FALSE) -> 0.015 | Z10: =IF(U10="Sold",T10*Y10,0) -> 0 | AA10: =IF(U10="Sold", T10 * 0.03, 0) -> 0 | AB10: =AA10 - Z10 -> 0
A11: Mumbai | B11: Bandra | C11: 2 | D11: 1 | E11: 3069 | F11: 3291 | G11: 3 | H11: 2020 | I11: 2020 | J11: Apartment | K11: 0 | L11: North | M11: Yes | N11: Furnished | O11: 1 | P11: 0 | Q11: Bandra Enclave | R11: 0 | S11: Yes | T11: 37168000 | U11: Pending | V11: BRK-01 | W11: Amit Sharma | X11: =VLOOKUP(V11,Broker_Directory!A:C,3,FALSE) -> Tier A | Y11: =HLOOKUP(X11, Commission_Rates!A$1:C$2, 2, FALSE) -> 0.02 | Z11: =IF(U11="Sold",T11*Y11,0) -> 0 | AA11: =IF(U11="Sold", T11 * 0.03, 0) -> 0 | AB11: =AA11 - Z11 -> 0
A12: Bengaluru | B12: MG Road | C12: 2 | D12: 2 | E12: 4977 | F12: 9747 | G12: 2 | H12: 1981 | I12: 2010 | J12: Independent House | K12: 1 | L12: North | M12: Yes | N12: Unfurnished | O12: 6 | P12: 2 | Q12: MG Road Villa | R12: 3 | S12: No | T12: 45063000 | U12: Sold | V12: BRK-01 | W12: Amit Sharma | X12: =VLOOKUP(V12,Broker_Directory!A:C,3,FALSE) -> Tier A | Y12: =HLOOKUP(X12, Commission_Rates!A$1:C$2, 2, FALSE) -> 0.02 | Z12: =IF(U12="Sold",T12*Y12,0) -> 901260 | AA12: =IF(U12="Sold", T12 * 0.03, 0) -> 1351890 | AB12: =AA12 - Z12 -> 450630
A13: Mumbai | B13: Andheri | C13: 1 | D13: 4 | E13: 3079 | F13: 9687 | G13: 1 | H13: 1981 | I13: 1992 | J13: Apartment | K13: 3 | L13: South | M13: No | N13: Furnished | O13: 4 | P13: 3 | Q13: Andheri Residency | R13: 0 | S13: No | T13: 37213000 | U13: Available | V13: BRK-03 | W13: Rahul Singh | X13: =VLOOKUP(V13,Broker_Directory!A:C,3,FALSE) -> Tier A | Y13: =HLOOKUP(X13, Commission_Rates!A$1:C$2, 2, FALSE) -> 0.02 | Z13: =IF(U13="Sold",T13*Y13,0) -> 0 | AA13: =IF(U13="Sold", T13 * 0.03, 0) -> 0 | AB13: =AA13 - Z13 -> 0
... A1001: Bengaluru | B1001: HSR Layout | C1001: 3 | D1001: 3 | E1001: 703 | F1001: 2565 | G1001: 1 | H1001: 1967 | I1001: 2012 | J1001: Apartment | K1001: 0 | L1001: West | M1001: No | N1001: Furnished | O1001: 6 | P1001: 5 | Q1001: HSR Layout Heights | R1001: 2 | S1001: Yes | T1001: 6742000 | U1001: Sold | V1001: BRK-05 | W1001: Vikas Gupta | X1001: =VLOOKUP(V1001,Broker_Directory!A:C,3,FALSE) -> Tier B | Y1001: =HLOOKUP(X1001, Commission_Rates!A$1:C$2, 2, FALSE) -> 0.015 | Z1001: =IF(U1001="Sold",T1001*Y1001,0) -> 101130 | AA1001: =IF(U1001="Sold", T1001 * 0.03, 0) -> 202260 | AB1001: =AA1001 - Z1001 -> 101130
AA1002: =IF(U1002="Sold", T1002 * 0.03, 0) -> 0 | AB1002: =AA1002 - Z1002 -> 0
AA1003: =IF(U1003="Sold", T1003 * 0.03, 0) -> 0 | AB1003: =AA1003 - Z1003 -> 0

Sheet Commission_Rates
A1: Tier A | B1: Tier B | C1: Tier C
A2: 0.02 | B2: 0.015 | C2: 0.01

Sheet Broker_Directory
A1: Broker_ID | B1: Broker_Name | C1: Commission_Tier
A2: BRK-01 | B2: Amit Sharma | C2: Tier A
A3: BRK-02 | B3: Priya Patel | C3: Tier B
A4: BRK-03 | B4: Rahul Singh | C4: Tier A
A5: BRK-04 | B5: Sneha Reddy | C5: Tier C
A6: BRK-05 | B6: Vikas Gupta | C6: Tier B
